Workbook

Sheet Sheet1
A1: TransID | B1: Date | C1: RepID | D1: ProductID | E1: Qty | F1: RepName | G1: Region | H1: Unit Price | I1: Total Revenue
A2: TX-1001 | B2: 45231 | C2: R-001 | D2: P-500 | E2: 5 | F2: =VLOOKUP(C2:C16,Sheet2!$A$1:$C$6,2,FALSE) -> Alice Smith | G2: =VLOOKUP(C2:C16,Sheet2!$A$1:$C$6,3,FALSE) -> North | H2: =VLOOKUP(D2:D16,Sheet3!$A$1:$C$5,3,FALSE) -> 25 | I2: =(E2*H2) -> 125
A3: TX-1002 | B3: 45231 | C3: R-002 | D3: P-505 | E3: 2 | F3: =VLOOKUP(C3:C17,Sheet2!$A$1:$C$6,2,FALSE) -> Bob Jones | G3: =VLOOKUP(C3:C17,Sheet2!$A$1:$C$6,3,FALSE) -> South | H3: =VLOOKUP(D3:D17,Sheet3!$A$1:$C$5,3,FALSE) -> 30 | I3: =(E3*H3) -> 60
A4: TX-1003 | B4: 45232 | C4: R-003 | D4: P-500 | E4: 1 | F4: =VLOOKUP(C4:C18,Sheet2!$A$1:$C$6,2,FALSE) -> Charlie Day | G4: =VLOOKUP(C4:C18,Sheet2!$A$1:$C$6,3,FALSE) -> East | H4: =VLOOKUP(D4:D18,Sheet3!$A$1:$C$5,3,FALSE) -> 25 | I4: =(E4*H4) -> 25
A5: TX-1004 | B5: 45232 | C5: R-001 | D5: P-502 | E5: 10 | F5: =VLOOKUP(C5:C19,Sheet2!$A$1:$C$6,2,FALSE) -> Alice Smith | G5: =VLOOKUP(C5:C19,Sheet2!$A$1:$C$6,3,FALSE) -> North | H5: =VLOOKUP(D5:D19,Sheet3!$A$1:$C$5,3,FALSE) -> 15 | I5: =(E5*H5) -> 150
A6: TX-1005 | B6: 45233 | C6: R-004 | D6: P-505 | E6: 3 | F6: =VLOOKUP(C6:C20,Sheet2!$A$1:$C$6,2,FALSE) -> Diana Prince | G6: =VLOOKUP(C6:C20,Sheet2!$A$1:$C$6,3,FALSE) -> West | H6: =VLOOKUP(D6:D20,Sheet3!$A$1:$C$5,3,FALSE) -> 30 | I6: =(E6*H6) -> 90
A7: TX-1006 | B7: 45233 | C7: R-002 | D7: P-501 | E7: 4 | F7: =VLOOKUP(C7:C21,Sheet2!$A$1:$C$6,2,FALSE) -> Bob Jones | G7: =VLOOKUP(C7:C21,Sheet2!$A$1:$C$6,3,FALSE) -> South | H7: =VLOOKUP(D7:D21,Sheet3!$A$1:$C$5,3,FALSE) -> 45 | I7: =(E7*H7) -> 180
A8: TX-1007 | B8: 45234 | C8: R-003 | D8: P-502 | E8: 2 | F8: =VLOOKUP(C8:C22,Sheet2!$A$1:$C$6,2,FALSE) -> Charlie Day | G8: =VLOOKUP(C8:C22,Sheet2!$A$1:$C$6,3,FALSE) -> East | H8: =VLOOKUP(D8:D22,Sheet3!$A$1:$C$5,3,FALSE) -> 15 | I8: =(E8*H8) -> 30
A9: TX-1008 | B9: 45235 | C9: R-005 | D9: P-500 | E9: 6 | F9: =VLOOKUP(C9:C23,Sheet2!$A$1:$C$6,2,FALSE) -> Ethan Hunt | G9: =VLOOKUP(C9:C23,Sheet2!$A$1:$C$6,3,FALSE) -> North | H9: =VLOOKUP(D9:D23,Sheet3!$A$1:$C$5,3,FALSE) -> 25 | I9: =(E9*H9) -> 150
A10: TX-1009 | B10: 45235 | C10: R-001 | D10: P-505 | E10: 1 | F10: =VLOOKUP(C10:C24,Sheet2!$A$1:$C$6,2,FALSE) -> Alice Smith | G10: =VLOOKUP(C10:C24,Sheet2!$A$1:$C$6,3,FALSE) -> North | H10: =VLOOKUP(D10:D24,Sheet3!$A$1:$C$5,3,FALSE) -> 30 | I10: =(E10*H10) -> 30
A11: TX-1010 | B11: 45236 | C11: R-004 | D11: P-501 | E11: 8 | F11: =VLOOKUP(C11:C25,Sheet2!$A$1:$C$6,2,FALSE) -> Diana Prince | G11: =VLOOKUP(C11:C25,Sheet2!$A$1:$C$6,3,FALSE) -> West | H11: =VLOOKUP(D11:D25,Sheet3!$A$1:$C$5,3,FALSE) -> 45 | I11: =(E11*H11) -> 360
A12: TX-1011 | B12: 45236 | C12: R-005 | D12: P-502 | E12: 3 | F12: =VLOOKUP(C12:C26,Sheet2!$A$1:$C$6,2,FALSE) -> Ethan Hunt | G12: =VLOOKUP(C12:C26,Sheet2!$A$1:$C$6,3,FALSE) -> North | H12: =VLOOKUP(D12:D26,Sheet3!$A$1:$C$5,3,FALSE) -> 15 | I12: =(E12*H12) -> 45
A13: TX-1012 | B13: 45237 | C13: R-002 | D13: P-500 | E13: 4 | F13: =VLOOKUP(C13:C27,Sheet2!$A$1:$C$6,2,FALSE) -> Bob Jones | G13: =VLOOKUP(C13:C27,Sheet2!$A$1:$C$6,3,FALSE) -> South | H13: =VLOOKUP(D13:D27,Sheet3!$A$1:$C$5,3,FALSE) -> 25 | I13: =(E13*H13) -> 100
... A16: TX-1015 | B16: 45238 | C16: R-004 | D16: P-502 | E16: 7 | F16: =VLOOKUP(C16:C30,Sheet2!$A$1:$C$6,2,FALSE) -> Diana Prince | G16: =VLOOKUP(C16:C30,Sheet2!$A$1:$C$6,3,FALSE) -> West | H16: =VLOOKUP(D16:D30,Sheet3!$A$1:$C$5,3,FALSE) -> 15 | I16: =(E16*H16) -> 105

Sheet Sheet2
A1: RepID | B1: RepName | C1: Region
A2: R-001 | B2: Alice Smith | C2: North
A3: R-002 | B3: Bob Jones | C3: South
A4: R-003 | B4: Charlie Day | C4: East
A5: R-004 | B5: Diana Prince | C5: West
A6: R-005 | B6: Ethan Hunt | C6: North

Sheet Sheet3
A1: ProductID | B1: ProductName | C1: UnitPrice
A2: P-500 | B2: Pro Widget | C2: 25
A3: P-501 | B3: Mega Gadget | C3: 45
A4: P-502 | B4: Ultra Gizmo | C4: 15
A5: P-505 | B5: Power Pack | C5: 30
